{"isBase64Encoded": false, "statusCode": 200, "headers": {"Content-Type": "application/json"}, "multiValueHeaders": {}, "body": {"warnings": [], "embedding": {"vector": [-0.06477705389261246, 0.07148665189743042, -0.0008969263290055096, -0.08270689100027084, 0.131305530667305, -0.07801530510187149, 0.0033708533737808466, 0.03076125681400299, 0.05677974596619606, -0.14468997716903687, 0.010324221104383469, 0.08736304938793182, 0.028083719313144684, -0.036431390792131424, 0.041542913764715195, 0.033152610063552856, -0.06808063387870789, -0.019040977582335472, 0.011372772976756096, -0.1502123773097992, -0.0700327679514885, -0.026156986132264137, -0.026637602597475052, 0.09192480891942978, -0.06408389657735825, -0.03146296367049217, 0.11479529738426208, 0.04200400039553642, -0.03129798546433449, -0.03464830294251442, -0.054783713072538376, -0.08557307720184326, 0.10162625461816788, 0.013392613269388676, -0.01795050874352455, 0.091031014919281, 0.049936216324567795, -0.011387668550014496, -0.06604284048080444, -0.011740362271666527, 0.033329859375953674, 0.1495216339826584, 0.014245616272091866, -0.026793375611305237, 0.04168567433953285, -0.025095362216234207, -0.004829196259379387, -0.009680686518549919, -0.0064386604353785515, 0.008247383870184422, 0.008606502786278725, 0.031029628589749336, -0.0813073143362999, 0.06990967690944672, -0.06124778836965561, 0.0723024383187294, 0.06365562975406647, 0.03707856684923172, 0.054703619331121445, -0.06125625595450401, 0.036638129502534866, -0.08765185624361038, -0.03911558538675308, -0.011314605362713337, 0.09749879688024521, -0.034170228987932205, -0.04816228896379471, 0.059030864387750626, 0.027934685349464417, 0.04372180625796318, 0.08067738264799118, -0.09232582896947861, -0.05216998606920242, 0.007995529100298882, -0.043942891061306, 0.0018022407311946154, 0.0741475448012352, 0.1628780961036682, -0.14976930618286133, 0.025236744433641434, 0.12465459853410721, -0.11785992234945297, 0.220513254404068, 0.07397853583097458, 0.007887763902544975, -0.10052219778299332, 0.11283881962299347, 0.031005382537841797, 0.01963314414024353, 0.005252516362816095, 0.06938125193119049, 0.03221532329916954, -0.0650697574019432, -0.022232916206121445, 0.07438232749700546, -0.013026327826082706, -0.002374576171860099, -0.1670677363872528, 0.016358427703380585, -0.05565859377384186, 0.0024593884591013193, -0.05513966456055641, 0.08240550011396408, -0.0215158611536026, -0.06501825898885727, 0.0005269590183161199, -0.012125127948820591, -0.02407853864133358, 0.09272068738937378, -0.11242992430925369, 0.07103174924850464, -0.02223995327949524, 0.0035550061147660017, -0.015280879102647305, 0.028240347281098366, -0.06726323813199997, 0.02216699905693531, 0.029644399881362915, 0.10607089847326279, 0.06312189996242523, -0.015422221273183823, 0.07679352909326553, 0.08880079537630081, -0.035730041563510895, -0.022137487307190895, 0.03335799649357796, -0.004138472490012646, -0.008301007561385632, -0.04425419494509697, 0.028131404891610146, -0.028125982731580734, -0.24648486077785492, 0.02207402139902115, 0.11338429898023605, 0.006500513758510351, -0.05079147592186928, 0.006248383782804012, -0.06775393337011337, 0.00928620807826519, 0.011951208114624023, -0.045225877314805984, 0.0021892599761486053, 0.061660248786211014, 0.011221363209187984, 0.15497013926506042, 0.04722636938095093, -0.01522535365074873, -0.07859984040260315, -0.0647609531879425, -0.07216988503932953, 0.11039632558822632, -0.09136247634887695, -0.03090175986289978, -0.052006904035806656, -0.039531756192445755, 0.6209213137626648, 0.1112341657280922, 0.1827005296945572, -0.0055737728253006935, 0.041555263102054596, 0.08870499581098557, -0.048027295619249344, 0.04642629623413086, -0.05641695111989975, -0.025742992758750916, 0.0017618839628994465, -0.09632301330566406, -0.006579577457159758, 0.02819141000509262, 0.03824916109442711, 0.0948028564453125, -0.02398827113211155, 0.06804226338863373, 0.07024623453617096, -0.045475516468286514, 0.005010507069528103, -0.026930464431643486, -0.022140977904200554, -0.09609124809503555, -0.01339727733284235, 0.008524512872099876, 0.05499713867902756, -0.08348299562931061, -0.03347417712211609, -0.002760032657533884, 0.02127036079764366, -0.029055273160338402, 0.018570583313703537, -0.01045742817223072, 0.04777586832642555, 0.017295802012085915, 0.05131159722805023, -0.08057587593793869, -0.09290729463100433, -0.026179349049925804, 0.011234261095523834, -0.05394003167748451, 0.004462802782654762, 0.04999607428908348, -0.06333824247121811, -0.01106281392276287, -0.02313491329550743, 0.11055419594049454, -0.0789145901799202, 0.09790241718292236, 0.005301897879689932, 0.036543507128953934, -0.0031279134564101696, -0.016395989805459976, -0.09273478388786316, -0.06098916009068489, 0.09519923478364944, 0.0008304680814035237, 0.0063866861164569855, 0.05252934992313385, 0.019333284348249435, 0.03714703023433685, -0.0342816524207592, -0.02562045305967331, -0.09714588522911072, 0.05427420139312744, 0.04245007783174515, -0.07217781990766525, -0.0313510000705719, -0.035360634326934814, 0.0656760036945343, 0.04764020815491676, 0.0014604583848267794, 0.023468511179089546, -0.004936487879604101, -0.031595628708601, 0.03771740943193436, 0.08854164183139801, 0.07130569219589233, 0.056708112359046936, -0.016033412888646126, -0.09826435893774033, -0.03570190444588661, -0.01816514879465103, 0.013554679229855537, -0.04350316897034645, 0.06434492766857147, 0.07991981506347656, 0.0888771042227745, 0.012454375624656677, 0.064580038189888, 0.04292032867670059, 0.08124890923500061, 0.008155765011906624, 0.10189694166183472, -0.0634157806634903, 0.01228994969278574, -0.04582131654024124, 0.02542691119015217, -0.01565525494515896, 0.02762390859425068, -0.029333263635635376, -0.017620040103793144, -0.04399519041180611, -0.06358232349157333, -0.08288392424583435, -0.09349540621042252, 0.018859585747122765, 0.03990650177001953, 0.018812086433172226, -0.12799926102161407, -0.060498449951410294, 0.04828708618879318, 0.06259505450725555, -0.011284281499683857, -0.0129854092374444, -0.11704008281230927, -0.03680672496557236, 0.005111284554004669, 0.06242358684539795, 0.0377667136490345, -0.03913552686572075, 0.015370781533420086, -0.039782099425792694, 0.04841899126768112, 0.04704408720135689, 0.027477530762553215, 0.10298584401607513, -0.03910176455974579, -0.04185635969042778, 0.011924948543310165, -0.028944093734025955, 0.04097671061754227, 0.011891337111592293, 0.04821640998125076, 0.08229560405015945, 0.000539077736902982, -0.0608188696205616, 0.04180463030934334, -0.03227869048714638, -0.07002405822277069, 0.03884660080075264, -0.011878423392772675, 0.027622807770967484, -0.027970243245363235, -0.05257071927189827, -0.09905346482992172, -0.01953529752790928, -0.0550006665289402, 0.06363401561975479, -0.02527068927884102, 0.017023693770170212, -0.07267118245363235, -0.007236151024699211, 0.08464469015598297, -0.048269644379615784, -0.055540453642606735, -0.09733743965625763, 0.13690318167209625, -0.00933836493641138, -0.023988736793398857, 0.03224509209394455, -0.020072095096111298, 0.07417631894350052, -0.013592327944934368, -0.019403131678700447, 0.06589178740978241, 0.002397809876129031, 0.04829660430550575, 0.034097425639629364, 0.07331482321023941, 0.023779897019267082, 0.02027486264705658, 0.074355848133564, 0.43787717819213867, -0.24958567321300507, 0.14094603061676025, 0.08536352217197418, 0.019183102995157242, 0.030397867783904076, 0.022054770961403847, 0.07254712283611298, 0.02187248505651951, 0.08383665978908539, 0.08737623691558838, -0.023705072700977325, -0.00870013888925314, -0.06491794437170029, 0.05750785768032074, 0.033742185682058334, -0.011788306757807732, -0.054280441254377365, -0.06992609053850174, 0.012049027718603611, 0.05180538073182106, -0.10342158377170563, -0.029064474627375603, -0.05470901355147362, -0.04938589408993721, -0.03437118977308273, 0.029696207493543625, 0.07445619255304337, -0.05123740807175636, 0.039113570004701614, 